Datetime,Water Level (m)
2025-08-20 18:00:00,1.0781541
2025-08-20 19:00:00,0.92525053
2025-08-20 20:00:00,0.6429324
2025-08-20 21:00:00,0.39181712
2025-08-20 22:00:00,0.1874979
2025-08-20 23:00:00,0.029495945
2025-08-21 00:00:00,-0.08826536
2025-08-21 01:00:00,-0.083743684
2025-08-21 02:00:00,0.2661508
2025-08-21 03:00:00,0.65695035
2025-08-21 04:00:00,1.0171865
2025-08-21 05:00:00,1.2816088
2025-08-21 06:00:00,1.4280187
2025-08-21 07:00:00,1.3889618
2025-08-21 08:00:00,1.1002429
2025-08-21 09:00:00,0.7715533
2025-08-21 10:00:00,0.50742567
2025-08-21 11:00:00,0.30093518
2025-08-21 12:00:00,0.14066562
2025-08-21 13:00:00,0.030104574
2025-08-21 14:00:00,0.058035135
2025-08-21 15:00:00,0.46317676
2025-08-21 16:00:00,0.81660396
2025-08-21 17:00:00,1.104473
2025-08-21 18:00:00,1.2762055
2025-08-21 19:00:00,1.2735487
2025-08-21 20:00:00,1.0316815
2025-08-21 21:00:00,0.7160389
2025-08-21 22:00:00,0.45120257
2025-08-21 23:00:00,0.23091844
2025-08-22 00:00:00,0.05646546
2025-08-22 01:00:00,-0.08293002
2025-08-22 02:00:00,-0.096886925
2025-08-22 03:00:00,0.34043038
2025-08-22 04:00:00,0.77867424
2025-08-22 05:00:00,1.1709015
2025-08-22 06:00:00,1.4439042
2025-08-22 07:00:00,1.547333
2025-08-22 08:00:00,1.4101115
2025-08-22 09:00:00,1.0599489
2025-08-22 10:00:00,0.7502386
2025-08-22 11:00:00,0.5022544
2025-08-22 12:00:00,0.29653558
2025-08-22 13:00:00,0.13134336
2025-08-22 14:00:00,0.009306206
2025-08-22 15:00:00,0.13215713
2025-08-22 16:00:00,0.64494777
2025-08-22 17:00:00,1.0375698
2025-08-22 18:00:00,1.3297559
2025-08-22 19:00:00,1.4562662
2025-08-22 20:00:00,1.3426691
2025-08-22 21:00:00,1.0154214
2025-08-22 22:00:00,0.71179426
2025-08-22 23:00:00,0.4616093
2025-08-23 00:00:00,0.25917023
2025-08-23 01:00:00,0.09809038
2025-08-23 02:00:00,-0.019684097
2025-08-23 03:00:00,0.083172955
2025-08-23 04:00:00,0.5889674
2025-08-23 05:00:00,1.0228084
2025-08-23 06:00:00,1.3811228
2025-08-23 07:00:00,1.6031232
2025-08-23 08:00:00,1.6047959
2025-08-23 09:00:00,1.3293364
2025-08-23 10:00:00,0.9834302
2025-08-23 11:00:00,0.6910443
2025-08-23 12:00:00,0.45822304
2025-08-23 13:00:00,0.26281893
2025-08-23 14:00:00,0.1072742
2025-08-23 15:00:00,0.029176824
2025-08-23 16:00:00,0.3781867
2025-08-23 17:00:00,0.8254337
2025-08-23 18:00:00,1.1959774
2025-08-23 19:00:00,1.4429021
2025-08-23 20:00:00,1.5078846
2025-08-23 21:00:00,1.3041117
2025-08-23 22:00:00,0.9545338
2025-08-23 23:00:00,0.6569926
2025-08-24 00:00:00,0.41386905
2025-08-24 01:00:00,0.21756494
2025-08-24 02:00:00,0.05656918
2025-08-24 03:00:00,-0.04613764
2025-08-24 04:00:00,0.25352716
2025-08-24 05:00:00,0.76410836
2025-08-24 06:00:00,1.187789
2025-08-24 07:00:00,1.5029725
2025-08-24 08:00:00,1.6403717
2025-08-24 09:00:00,1.5072274
2025-08-24 10:00:00,1.1462666
2025-08-24 11:00:00,0.8284174
2025-08-24 12:00:00,0.56873065
2025-08-24 13:00:00,0.35526374
2025-08-24 14:00:00,0.17844126
2025-08-24 15:00:00,0.034878466
2025-08-24 16:00:00,0.053203095
2025-08-24 17:00:00,0.58173573
2025-08-24 18:00:00,1.0092758
2025-08-24 19:00:00,1.3488606
2025-08-24 20:00:00,1.527101
2025-08-24 21:00:00,1.4550834
2025-08-24 22:00:00,1.1218623
2025-08-24 23:00:00,0.7967689
2025-08-25 00:00:00,0.52799785
2025-08-25 01:00:00,0.31472474
2025-08-25 02:00:00,0.14031266
2025-08-25 03:00:00,-0.004021093
2025-08-25 04:00:00,-0.004190657
2025-08-25 05:00:00,0.51948935
2025-08-25 06:00:00,0.9815112
2025-08-25 07:00:00,1.371817
2025-08-25 08:00:00,1.6167117
2025-08-25 09:00:00,1.6256739
2025-08-25 10:00:00,1.34087
2025-08-25 11:00:00,0.9930691
2025-08-25 12:00:00,0.69925296
2025-08-25 13:00:00,0.4661991
2025-08-25 14:00:00,0.26958784
2025-08-25 15:00:00,0.1084505
2025-08-25 16:00:00,0.0099504795
2025-08-25 17:00:00,0.34094787
2025-08-25 18:00:00,0.8519361
2025-08-25 19:00:00,1.2525293
2025-08-25 20:00:00,1.5283569
2025-08-25 21:00:00,1.5979209
2025-08-25 22:00:00,1.3686632
2025-08-25 23:00:00,1.0232527
2025-08-26 00:00:00,0.7325487
2025-08-26 01:00:00,0.5003351
2025-08-26 02:00:00,0.30895385
2025-08-26 03:00:00,0.1566859
2025-08-26 04:00:00,0.071158774
2025-08-26 05:00:00,0.38957617
2025-08-26 06:00:00,0.918689
2025-08-26 07:00:00,1.353272
2025-08-26 08:00:00,1.6705732
2025-08-26 09:00:00,1.7765603
2025-08-26 10:00:00,1.6049087
2025-08-26 11:00:00,1.2527541
2025-08-26 12:00:00,0.9520523
2025-08-26 13:00:00,0.6940947
2025-08-26 14:00:00,0.4849328
2025-08-26 15:00:00,0.30473202
2025-08-26 16:00:00,0.17551301
2025-08-26 17:00:00,0.25349444
2025-08-26 18:00:00,0.80209625
